HostFindingsID,vrr_score,vulnerabilities,weaknesses,threats,ScannerName,ScannerPluginID,VulnerabilityName,ScannerReportedSeverity,ScannerSeverity,Description,Status,Port,Protocol,PluginOutput,PossibleSolutions,PossiblePatches,IPAddress
c1929ee2d3955bd7fd1eb3fcb4a480e3,0.97,['CVE-2004-2761'],['CWE-310'],"{'EPSS_epss_value': 0.09733, 'EPSS_percentile': 0.92662, 'NVD_weaknesses': 'CWE-310', 'NVD_references': ['http://blog.mozilla.com/security/2008/12/30/md5-weaknesses-could-lead-to-certificate-forgery/', 'http://blogs.technet.com/swi/archive/2008/12/30/information-regarding-md5-collisions-problem.aspx', 'http://secunia.com/advisories/33826', 'http://secunia.com/advisories/34281', 'http://secunia.com/advisories/42181', 'http://securityreason.com/securityalert/4866', 'http://securitytracker.com/id?1024697', 'http://www.cisco.com/en/US/products/products_security_response09186a0080a5d24a.html', 'http://www.doxpara.com/research/md5/md5_someday.pdf', 'http://www.kb.cert.org/vuls/id/836068', 'http://www.microsoft.com/technet/security/advisory/961509.mspx', 'http://www.phreedom.org/research/rogue-ca/', 'http://www.securityfocus.com/archive/1/499685/100/0/threaded', 'http://www.securityfocus.com/bid/33065', 'http://www.ubuntu.com/usn/usn-740-1', 'http://www.win.tue.nl/hashclash/SoftIntCodeSign/', 'http://www.win.tue.nl/hashclash/rogue-ca/', 'https://blogs.verisign.com/ssl-blog/2008/12/on_md5_vulnerabilities_and_mit.php', 'https://bugzilla.redhat.com/show_bug.cgi?id=648886', 'https://h20566.www2.hpe.com/portal/site/hpsc/public/kb/docDisplay?docId=emr_na-c05289935', 'https://h20566.www2.hpe.com/portal/site/hpsc/public/kb/docDisplay?docId=emr_na-c05336888', 'https://ics-cert.us-cert.gov/advisories/ICSMA-18-058-02', 'https://rhn.redhat.com/errata/RHSA-2010-0837.html', 'https://rhn.redhat.com/errata/RHSA-2010-0838.html', 'https://support.hpe.com/hpsc/doc/public/display?docLocale=en_US&docId=emr_na-hpesbhf03814en_us', 'https://www.redhat.com/archives/fedora-package-announce/2009-February/msg00096.html']}",Nessus,95631,SSL Certificate Signed Using Weak Hashing Algorithm (Known CA),,,"The remote service uses a known CA certificate in the SSL certificate chain that has been signed using a cryptographically weak hashing algorithm (e.g., MD2, MD4, MD5, or SHA1). These signature algorithms are known to be vulnerable to collision attacks. An attacker can exploit this to generate another certificate with the same digital signature, allowing the attacker to masquerade as the affected service.

Note that this plugin reports all SSL certificate chains signed with SHA-1 that expire after January 1, 2017 as vulnerable. This is in accordance with Google's gradual sunsetting of the SHA-1 cryptographic hash algorithm. A known CA SSL certificate in the certificate chain has been signed using a weak hashing algorithm.",Open,443,tcp,,Contact the Certificate Authority to have the certificate reissued.,"https://tools.ietf.org/html/rfc3279
https://docs.microsoft.com/en-us/security-updates/SecurityAdvisories/2008/961509",10.10.1.21
7a0c5fc2a975a4241a303b2e09d321c9,0.06,['CVE-1999-0524'],['CWE-200'],"{'EPSS_epss_value': 0.00588, 'EPSS_percentile': 0.6838, 'NVD_weaknesses': 'CWE-200', 'NVD_references': ['http://descriptions.securescout.com/tc/11010', 'http://descriptions.securescout.com/tc/11011', 'http://kb.juniper.net/InfoCenter/index?page=content&id=JSA10705', 'http://kb.vmware.com/selfservice/microsites/search.do?cmd=displayKC&externalId=1434', 'http://www.osvdb.org/95', 'https://exchange.xforce.ibmcloud.com/vulnerabilities/306', 'https://exchange.xforce.ibmcloud.com/vulnerabilities/322', 'https://kc.mcafee.com/corporate/index?page=content&id=SB10053', 'https://support.f5.com/csp/article/K15277']}",Nessus,10114,ICMP Timestamp Request Remote Date Disclosure,,0.0,"The remote host answers to an ICMP timestamp request.  This allows an attacker to know the date that is set on the targeted machine, which may assist an unauthenticated, remote attacker in defeating time-based authentication protocols.

Timestamps returned from machines running Windows Vista / 7 / 2008 / 2008 R2 are deliberately incorrect, but usually within 1000 seconds of the actual system time. It is possible to determine the exact time set on the remote host.",Open,0,icmp,,"Filter out the ICMP timestamp requests (13), and the outgoing ICMP timestamp replies (14).",,10.10.1.230
17928fc8987f64488b6c8c09cb212c7a,0.13,['CVE-2001-0361'],['CWE-310'],"{'EPSS_epss_value': 0.01308, 'EPSS_percentile': 0.79271, 'NVD_weaknesses': 'CWE-310', 'NVD_references': ['ftp://ftp.FreeBSD.org/pub/FreeBSD/CERT/advisories/FreeBSD-SA-01:24.ssh.asc', 'http://marc.info/?l=bugtraq&m=98158450021686&w=2', 'http://www.ciac.org/ciac/bulletins/l-047.shtml', 'http://www.debian.org/security/2001/dsa-023', 'http://www.debian.org/security/2001/dsa-027', 'http://www.debian.org/security/2001/dsa-086', 'http://www.novell.com/linux/security/advisories/adv004_ssh.html', 'http://www.osvdb.org/2116', 'http://www.securityfocus.com/bid/2344', 'https://exchange.xforce.ibmcloud.com/vulnerabilities/6082']}",Nessus,10882,SSH Protocol Version 1 Session Key Retrieval,High,7.5,"The remote SSH daemon supports connections made using the version 1.33 and/or 1.5 of the SSH protocol. 

These protocols are not completely cryptographically safe so they should not be used. The remote service offers an insecure cryptographic protocol.",Open,22,tcp,,Disable compatibility with version 1 of the protocol.,,10.10.1.230
17928fc8987f64488b6c8c09cb212c7a,2.45,['CVE-2001-0572'],['NVD-CWE-Other'],"{'EPSS_epss_value': 0.24511, 'EPSS_percentile': 0.95917, 'NVD_weaknesses': 'NVD-CWE-Other', 'NVD_references': ['http://archives.neohapsis.com/archives/bugtraq/2001-03/0225.html', 'http://distro.conectiva.com.br/atualizacoes/?id=a&anuncio=000391', 'http://www.kb.cert.org/vuls/id/596827', 'http://www.linux-mandrake.com/en/security/2001/MDKSA-2001-033.php3', 'http://www.redhat.com/support/errata/RHSA-2001-033.html']}",Nessus,10882,SSH Protocol Version 1 Session Key Retrieval,High,7.5,"The remote SSH daemon supports connections made using the version 1.33 and/or 1.5 of the SSH protocol. 

These protocols are not completely cryptographically safe so they should not be used. The remote service offers an insecure cryptographic protocol.",Open,22,tcp,,Disable compatibility with version 1 of the protocol.,,10.10.1.230
17928fc8987f64488b6c8c09cb212c7a,0.47,['CVE-2001-1473'],['CWE-310'],"{'EPSS_epss_value': 0.04731, 'EPSS_percentile': 0.89015, 'NVD_weaknesses': 'CWE-310', 'NVD_references': ['http://www.kb.cert.org/vuls/id/684820', 'https://exchange.xforce.ibmcloud.com/vulnerabilities/6603']}",Nessus,10882,SSH Protocol Version 1 Session Key Retrieval,High,7.5,"The remote SSH daemon supports connections made using the version 1.33 and/or 1.5 of the SSH protocol. 

These protocols are not completely cryptographically safe so they should not be used. The remote service offers an insecure cryptographic protocol.",Open,22,tcp,,Disable compatibility with version 1 of the protocol.,,10.10.1.230
0da00874adc8d200ecb3de2fa5d04450,0.97,['CVE-2004-2761'],['CWE-310'],"{'EPSS_epss_value': 0.09733, 'EPSS_percentile': 0.92662, 'NVD_weaknesses': 'CWE-310', 'NVD_references': ['http://blog.mozilla.com/security/2008/12/30/md5-weaknesses-could-lead-to-certificate-forgery/', 'http://blogs.technet.com/swi/archive/2008/12/30/information-regarding-md5-collisions-problem.aspx', 'http://secunia.com/advisories/33826', 'http://secunia.com/advisories/34281', 'http://secunia.com/advisories/42181', 'http://securityreason.com/securityalert/4866', 'http://securitytracker.com/id?1024697', 'http://www.cisco.com/en/US/products/products_security_response09186a0080a5d24a.html', 'http://www.doxpara.com/research/md5/md5_someday.pdf', 'http://www.kb.cert.org/vuls/id/836068', 'http://www.microsoft.com/technet/security/advisory/961509.mspx', 'http://www.phreedom.org/research/rogue-ca/', 'http://www.securityfocus.com/archive/1/499685/100/0/threaded', 'http://www.securityfocus.com/bid/33065', 'http://www.ubuntu.com/usn/usn-740-1', 'http://www.win.tue.nl/hashclash/SoftIntCodeSign/', 'http://www.win.tue.nl/hashclash/rogue-ca/', 'https://blogs.verisign.com/ssl-blog/2008/12/on_md5_vulnerabilities_and_mit.php', 'https://bugzilla.redhat.com/show_bug.cgi?id=648886', 'https://h20566.www2.hpe.com/portal/site/hpsc/public/kb/docDisplay?docId=emr_na-c05289935', 'https://h20566.www2.hpe.com/portal/site/hpsc/public/kb/docDisplay?docId=emr_na-c05336888', 'https://ics-cert.us-cert.gov/advisories/ICSMA-18-058-02', 'https://rhn.redhat.com/errata/RHSA-2010-0837.html', 'https://rhn.redhat.com/errata/RHSA-2010-0838.html', 'https://support.hpe.com/hpsc/doc/public/display?docLocale=en_US&docId=emr_na-hpesbhf03814en_us', 'https://www.redhat.com/archives/fedora-package-announce/2009-February/msg00096.html']}",Nessus,35291,SSL Certificate Signed Using Weak Hashing Algorithm,Medium,5.0,"The remote service uses an SSL certificate chain that has been signed using a cryptographically weak hashing algorithm (e.g. MD2, MD4, MD5, or SHA1). These signature algorithms are known to be vulnerable to collision attacks. An attacker can exploit this to generate another certificate with the same digital signature, allowing an attacker to masquerade as the affected service.

Note that this plugin reports all SSL certificate chains signed with SHA-1 that expire after January 1, 2017 as vulnerable. This is in accordance with Google's gradual sunsetting of the SHA-1 cryptographic hash algorithm.

Note that certificates in the chain that are contained in the Nessus CA database (known_CA.inc) have been ignored. An SSL certificate in the certificate chain has been signed using a weak hash algorithm.",Open,443,tcp,,Contact the Certificate Authority to have the certificate reissued.,"https://tools.ietf.org/html/rfc3279
http://www.nessus.org/u?9bb87bf2
http://www.nessus.org/u?e120eea1
http://www.nessus.org/u?5d894816
http://www.nessus.org/u?51db68aa
http://www.nessus.org/u?9dc7bfba",10.10.1.230
e3e1fe434f3a8b8b4d73aa55a16b26e5,7.75,['CVE-2016-2183'],['CWE-200'],"{'EPSS_epss_value': 0.40016, 'EPSS_percentile': 0.97171, 'NVD_weaknesses': 'CWE-200', 'NVD_references': ['http://kb.juniper.net/InfoCenter/index?page=content&id=JSA10759', 'http://lists.opensuse.org/opensuse-security-announce/2016-09/msg00022.html', 'http://lists.opensuse.org/opensuse-security-announce/2016-09/msg00023.html', 'http://lists.opensuse.org/opensuse-security-announce/2016-09/msg00024.html', 'http://lists.opensuse.org/opensuse-security-announce/2016-09/msg00031.html', 'http://lists.opensuse.org/opensuse-security-announce/2016-10/msg00005.html', 'http://lists.opensuse.org/opensuse-security-announce/2016-10/msg00011.html', 'http://lists.opensuse.org/opensuse-security-announce/2016-10/msg00012.html', 'http://lists.opensuse.org/opensuse-security-announce/2016-10/msg00013.html', 'http://lists.opensuse.org/opensuse-security-announce/2016-10/msg00021.html', 'http://lists.opensuse.org/opensuse-security-announce/2016-10/msg00029.html', 'http://lists.opensuse.org/opensuse-security-announce/2017-01/msg00068.html', 'http://lists.opensuse.org/opensuse-security-announce/2017-02/msg00003.html', 'http://lists.opensuse.org/opensuse-security-announce/2017-02/msg00023.html', 'http://lists.opensuse.org/opensuse-security-announce/2017-02/msg00028.html', 'http://lists.opensuse.org/opensuse-security-announce/2017-02/msg00032.html', 'http://lists.opensuse.org/opensuse-security-announce/2017-05/msg00076.html', 'http://lists.opensuse.org/opensuse-security-announce/2017-10/msg00010.html', 'http://lists.opensuse.org/opensuse-security-announce/2017-10/msg00011.html', 'http://lists.opensuse.org/opensuse-security-announce/2018-02/msg00032.html', 'http://packetstormsecurity.com/files/142756/IBM-Informix-Dynamic-Server-DLL-Injection-Code-Execution.html', 'http://rhn.redhat.com/errata/RHSA-2017-0336.html', 'http://rhn.redhat.com/errata/RHSA-2017-0337.html', 'http://rhn.redhat.com/errata/RHSA-2017-0338.html', 'http://rhn.redhat.com/errata/RHSA-2017-0462.html', 'http://seclists.org/fulldisclosure/2017/Jul/31', 'http://seclists.org/fulldisclosure/2017/May/105', 'http://www-01.ibm.com/support/docview.wss?uid=nas8N1021697', 'http://www-01.ibm.com/support/docview.wss?uid=swg21991482', 'http://www-01.ibm.com/support/docview.wss?uid=swg21995039', 'http://www.debian.org/security/2016/dsa-3673', 'http://www.huawei.com/en/psirt/security-advisories/huawei-sa-20170322-01-openssl-en', 'http://www.oracle.com/technetwork/security-advisory/cpuapr2018-3678067.html', 'http://www.oracle.com/technetwork/security-advisory/cpujan2018-3236628.html', 'http://www.oracle.com/technetwork/security-advisory/cpujul2017-3236622.html', 'http://www.oracle.com/technetwork/security-advisory/cpuoct2016-2881722.html', 'http://www.oracle.com/technetwork/security-advisory/cpuoct2017-3236626.html', 'http://www.oracle.com/technetwork/topics/security/linuxbulletinoct2016-3090545.html', 'http://www.oracle.com/technetwork/topics/security/ovmbulletinoct2016-3090547.html', 'http://www.securityfocus.com/archive/1/539885/100/0/threaded', 'http://www.securityfocus.com/archive/1/540341/100/0/threaded', 'http://www.securityfocus.com/archive/1/541104/100/0/threaded', 'http://www.securityfocus.com/archive/1/542005/100/0/threaded', 'http://www.securityfocus.com/archive/1/archive/1/539885/100/0/threaded', 'http://www.securityfocus.com/archive/1/archive/1/540129/100/0/threaded', 'http://www.securityfocus.com/archive/1/archive/1/540341/100/0/threaded', 'http://www.securityfocus.com/archive/1/archive/1/541104/100/0/threaded', 'http://www.securityfocus.com/archive/1/archive/1/542005/100/0/threaded', 'http://www.securityfocus.com/bid/92630', 'http://www.securityfocus.com/bid/95568', 'http://www.securitytracker.com/id/1036696', 'http://www.splunk.com/view/SP-CAAAPSV', 'http://www.splunk.com/view/SP-CAAAPUE', 'http://www.ubuntu.com/usn/USN-3087-1', 'http://www.ubuntu.com/usn/USN-3087-2', 'http://www.ubuntu.com/usn/USN-3179-1', 'http://www.ubuntu.com/usn/USN-3194-1', 'http://www.ubuntu.com/usn/USN-3198-1', 'http://www.ubuntu.com/usn/USN-3270-1', 'http://www.ubuntu.com/usn/USN-3372-1', 'https://access.redhat.com/articles/2548661', 'https://access.redhat.com/errata/RHSA-2017:1216', 'https://access.redhat.com/errata/RHSA-2017:2708', 'https://access.redhat.com/errata/RHSA-2017:2709', 'https://access.redhat.com/errata/RHSA-2017:2710', 'https://access.redhat.com/errata/RHSA-2017:3113', 'https://access.redhat.com/errata/RHSA-2017:3114', 'https://access.redhat.com/errata/RHSA-2017:3239', 'https://access.redhat.com/errata/RHSA-2017:3240', 'https://access.redhat.com/errata/RHSA-2018:2123', 'https://access.redhat.com/errata/RHSA-2019:1245', 'https://access.redhat.com/errata/RHSA-2019:2859', 'https://access.redhat.com/errata/RHSA-2020:0451', 'https://access.redhat.com/security/cve/cve-2016-2183', 'https://blog.cryptographyengineering.com/2016/08/24/attack-of-week-64-bit-ciphers-in-tls/', 'https://bto.bluecoat.com/security-advisory/sa133', 'https://bugzilla.redhat.com/show_bug.cgi?id=1369383', 'https://cert-portal.siemens.com/productcert/pdf/ssa-412672.pdf', 'https://github.com/ssllabs/ssllabs-scan/issues/387#issuecomment-242514633', 'https://h20566.www2.hpe.com/hpsc/doc/public/display?docLocale=en_US&docId=emr_na-c05302448', 'https://h20566.www2.hpe.com/hpsc/doc/public/display?docLocale=en_US&docId=emr_na-c05369403', 'https://h20566.www2.hpe.com/hpsc/doc/public/display?docLocale=en_US&docId=emr_na-c05369415', 'https://h20566.www2.hpe.com/hpsc/doc/public/display?docLocale=en_US&docId=emr_na-c05385680', 'https://h20566.www2.hpe.com/hpsc/doc/public/display?docLocale=en_US&docId=emr_na-c05390722', 'https://h20566.www2.hpe.com/hpsc/doc/public/display?docLocale=en_US&docId=emr_na-c05390849', 'https://h20566.www2.hpe.com/hpsc/doc/public/display?docLocale=en_US&docId=emr_na-hpesbgn03765en_us', 'https://h20566.www2.hpe.com/hpsc/doc/public/display?docLocale=en_US&docId=emr_na-hpesbux03725en_us', 'https://h20566.www2.hpe.com/portal/site/hpsc/public/kb/docDisplay?docId=emr_na-c05302448', 'https://h20566.www2.hpe.com/portal/site/hpsc/public/kb/docDisplay?docId=emr_na-c05309984', 'https://h20566.www2.hpe.com/portal/site/hpsc/public/kb/docDisplay?docId=emr_na-c05323116', 'https://h20566.www2.hpe.com/portal/site/hpsc/public/kb/docDisplay?docId=emr_na-c05349499', 'https://h20566.www2.hpe.com/portal/site/hpsc/public/kb/docDisplay?docId=emr_na-c05356388', 'https://h20566.www2.hpe.com/portal/site/hpsc/public/kb/docDisplay?docId=emr_na-c05369403', 'https://h20566.www2.hpe.com/portal/site/hpsc/public/kb/docDisplay?docId=emr_na-c05369415', 'https://h20566.www2.hpe.com/portal/site/hpsc/public/kb/docDisplay?docId=emr_na-c05385680', 'https://h20566.www2.hpe.com/portal/site/hpsc/public/kb/docDisplay?docId=emr_na-c05390722', 'https://h20566.www2.hpe.com/portal/site/hpsc/public/kb/docDisplay?docId=emr_na-c05390849', 'https://ics-cert.us-cert.gov/advisories/ICSMA-18-058-02', 'https://kb.pulsesecure.net/articles/Pulse_Security_Advisories/SA40312', 'https://kc.mcafee.com/corporate/index?page=content&id=SB10171', 'https://kc.mcafee.com/corporate/index?page=content&id=SB10186', 'https://kc.mcafee.com/corporate/index?page=content&id=SB10197', 'https://kc.mcafee.com/corporate/index?page=content&id=SB10215', 'https://kc.mcafee.com/corporate/index?page=content&id=SB10310', 'https://nakedsecurity.sophos.com/2016/08/25/anatomy-of-a-cryptographic-collision-the-sweet32-attack/', 'https://nodejs.org/en/blog/vulnerability/september-2016-security-releases/', 'https://seclists.org/bugtraq/2018/Nov/21', 'https://security.gentoo.org/glsa/201612-16', 'https://security.gentoo.org/glsa/201701-65', 'https://security.gentoo.org/glsa/201707-01', 'https://security.netapp.com/advisory/ntap-20160915-0001/', 'https://security.netapp.com/advisory/ntap-20170119-0001/', 'https://softwaresupport.softwaregrp.com/document/-/facetsearch/document/KM03158613', 'https://softwaresupport.softwaregrp.com/document/-/facetsearch/document/KM03286178', 'https://support.f5.com/csp/article/K13167034', 'https://sweet32.info/', 'https://wiki.opendaylight.org/view/Security_Advisories', 'https://www.arista.com/en/support/advisories-notices/security-advisories/1749-security-advisory-24', 'https://www.exploit-db.com/exploits/42091/', 'https://www.ietf.org/mail-archive/web/tls/current/msg04560.html', 'https://www.mitel.com/en-ca/support/security-advisories/mitel-product-security-advisory-17-0008', 'https://www.nccgroup.trust/us/about-us/newsroom-and-events/blog/2016/august/new-practical-attacks-on-64-bit-block-ciphers-3des-blowfish/', 'https://www.openssl.org/blog/blog/2016/08/24/sweet32/', 'https://www.oracle.com/security-alerts/cpuapr2020.html', 'https://www.oracle.com/security-alerts/cpujan2020.html', 'https://www.oracle.com/security-alerts/cpujul2020.html', 'https://www.oracle.com/security-alerts/cpuoct2020.html', 'https://www.oracle.com/security-alerts/cpuoct2021.html', 'https://www.oracle.com/technetwork/security-advisory/cpujul2019-5072835.html', 'https://www.sigsac.org/ccs/CCS2016/accepted-papers/', 'https://www.tenable.com/security/tns-2016-16', 'https://www.tenable.com/security/tns-2016-20', 'https://www.tenable.com/security/tns-2016-21', 'https://www.tenable.com/security/tns-2017-09', 'https://www.teskalabs.com/blog/teskalabs-bulletin-160826-seacat-sweet32-issue', 'https://www.vicarius.io/vsociety/posts/cve-2016-2183-detection-sweet32-vulnerability', 'https://www.vicarius.io/vsociety/posts/cve-2016-2183-mitigate-sweet32-vulnerability']}",Nessus,42873,SSL Medium Strength Cipher Suites Supported (SWEET32),Medium,5.0,"The remote host supports the use of SSL ciphers that offer medium strength encryption. Nessus regards medium strength as any encryption that uses key lengths at least 64 bits and less than 112 bits, or else that uses the 3DES encryption suite.

Note that it is considerably easier to circumvent medium strength encryption if the attacker is on the same physical network. The remote service supports the use of medium strength SSL ciphers.",Open,443,tcp,,Reconfigure the affected application if possible to avoid use of medium strength ciphers.,"https://www.openssl.org/blog/blog/2016/08/24/sweet32/
https://sweet32.info",10.10.1.230
3ccb63a7a514c0b4602fff411ce7320f,10.39,['CVE-2008-5161'],['CWE-200'],"{'EPSS_epss_value': 0.03853, 'EPSS_percentile': 0.87818, 'NVD_weaknesses': 'CWE-200', 'NVD_references': ['http://isc.sans.org/diary.html?storyid=5366', 'http://kb.juniper.net/InfoCenter/index?page=content&id=JSA10705', 'http://lists.apple.com/archives/security-announce/2009/Nov/msg00000.html', 'http://marc.info/?l=bugtraq&m=125017764422557&w=2', 'http://openssh.org/txt/cbc.adv', 'http://osvdb.org/49872', 'http://osvdb.org/50035', 'http://osvdb.org/50036', 'http://rhn.redhat.com/errata/RHSA-2009-1287.html', 'http://secunia.com/advisories/32740', 'http://secunia.com/advisories/32760', 'http://secunia.com/advisories/32833', 'http://secunia.com/advisories/33121', 'http://secunia.com/advisories/33308', 'http://secunia.com/advisories/34857', 'http://secunia.com/advisories/36558', 'http://sunsolve.sun.com/search/document.do?assetkey=1-66-247186-1', 'http://support.apple.com/kb/HT3937', 'http://support.attachmate.com/techdocs/2398.html', 'http://support.avaya.com/elmodocs2/security/ASA-2008-503.htm', 'http://www.cpni.gov.uk/Docs/Vulnerability_Advisory_SSH.txt', 'http://www.kb.cert.org/vuls/id/958563', 'http://www.rtpro.yamaha.co.jp/RT/FAQ/Security/CPNI957037.html', 'http://www.securityfocus.com/archive/1/498558/100/0/threaded', 'http://www.securityfocus.com/archive/1/498579/100/0/threaded', 'http://www.securityfocus.com/bid/32319', 'http://www.securitytracker.com/id?1021235', 'http://www.securitytracker.com/id?1021236', 'http://www.securitytracker.com/id?1021382', 'http://www.ssh.com/company/news/article/953/', 'http://www.vupen.com/english/advisories/2008/3172', 'http://www.vupen.com/english/advisories/2008/3173', 'http://www.vupen.com/english/advisories/2008/3409', 'http://www.vupen.com/english/advisories/2009/1135', 'http://www.vupen.com/english/advisories/2009/3184', 'https://exchange.xforce.ibmcloud.com/vulnerabilities/46620', 'https://h20566.www2.hpe.com/portal/site/hpsc/public/kb/docDisplay?docId=emr_na-c05157667', 'https://kc.mcafee.com/corporate/index?page=content&id=SB10106', 'https://kc.mcafee.com/corporate/index?page=content&id=SB10163', 'https://oval.cisecurity.org/repository/search/definition/oval%3Aorg.mitre.oval%3Adef%3A11279'], 'Metasploit_module_name': 'SSH Version Scanner', 'Metasploit_type': 'auxiliary'}",Nessus,70658,SSH Server CBC Mode Ciphers Enabled,Low,2.6,"The SSH server is configured to support Cipher Block Chaining (CBC) encryption.  This may allow an attacker to recover the plaintext message from the ciphertext. 

Note that this plugin only checks for the options of the SSH server and does not check for vulnerable software versions. The SSH server is configured to use Cipher Block Chaining.",Open,22,tcp,,"Contact the vendor or consult product documentation to disable CBC mode cipher encryption, and enable CTR or GCM cipher mode encryption.",,10.10.1.230
484a59d34d3038f788e02a66513d6f09,21.1,['CVE-2014-3566'],['CWE-310'],"{'EPSS_epss_value': 0.94015, 'EPSS_percentile': 0.99885, 'NVD_weaknesses': 'CWE-310', 'NVD_references': ['ftp://ftp.netbsd.org/pub/NetBSD/security/advisories/NetBSD-SA2014-015.txt.asc', 'http://advisories.mageia.org/MGASA-2014-0416.html', 'http://aix.software.ibm.com/aix/efixes/security/openssl_advisory11.asc', 'http://archives.neohapsis.com/archives/bugtraq/2014-10/0101.html', 'http://archives.neohapsis.com/archives/bugtraq/2014-10/0103.html', 'http://askubuntu.com/questions/537196/how-do-i-patch-workaround-sslv3-poodle-vulnerability-cve-2014-3566', 'http://blog.cryptographyengineering.com/2014/10/attack-of-week-poodle.html', 'http://blog.nodejs.org/2014/10/23/node-v0-10-33-stable/', 'http://blogs.technet.com/b/msrc/archive/2014/10/14/security-advisory-3009008-released.aspx', 'http://docs.ipswitch.com/MOVEit/DMZ82/ReleaseNotes/MOVEitReleaseNotes82.pdf', 'http://downloads.asterisk.org/pub/security/AST-2014-011.html', 'http://googleonlinesecurity.blogspot.com/2014/10/this-poodle-bites-exploiting-ssl-30.html', 'http://h20564.www2.hp.com/hpsc/doc/public/display?docId=emr_na-c04583581', 'http://h20564.www2.hpe.com/hpsc/doc/public/display?docId=emr_na-c04779034', 'http://kb.juniper.net/InfoCenter/index?page=content&id=JSA10705', 'http://lists.apple.com/archives/security-announce/2015/Jan/msg00003.html', 'http://lists.apple.com/archives/security-announce/2015/Sep/msg00002.html', 'http://lists.fedoraproject.org/pipermail/package-announce/2014-November/142330.html', 'http://lists.fedoraproject.org/pipermail/package-announce/2014-October/141114.html', 'http://lists.fedoraproject.org/pipermail/package-announce/2014-October/141158.html', 'http://lists.fedoraproject.org/pipermail/package-announce/2015-October/169361.html', 'http://lists.fedoraproject.org/pipermail/package-announce/2015-October/169374.html', 'http://lists.opensuse.org/opensuse-security-announce/2014-10/msg00008.html', 'http://lists.opensuse.org/opensuse-security-announce/2014-11/msg00001.html', 'http://lists.opensuse.org/opensuse-security-announce/2014-11/msg00003.html', 'http://lists.opensuse.org/opensuse-security-announce/2014-11/msg00021.html', 'http://lists.opensuse.org/opensuse-security-announce/2014-12/msg00002.html', 'http://lists.opensuse.org/opensuse-security-announce/2015-02/msg00001.html', 'http://lists.opensuse.org/opensuse-security-announce/2015-02/msg00024.html', 'http://lists.opensuse.org/opensuse-security-announce/2015-02/msg00026.html', 'http://lists.opensuse.org/opensuse-security-announce/2015-02/msg00027.html', 'http://lists.opensuse.org/opensuse-security-announce/2015-02/msg00033.html', 'http://lists.opensuse.org/opensuse-security-announce/2015-02/msg00036.html', 'http://lists.opensuse.org/opensuse-security-announce/2015-03/msg00018.html', 'http://lists.opensuse.org/opensuse-security-announce/2015-03/msg00027.html', 'http://lists.opensuse.org/opensuse-security-announce/2016-03/msg00011.html', 'http://lists.opensuse.org/opensuse-security-announce/2016-05/msg00066.html', 'http://lists.opensuse.org/opensuse-security-announce/2016-06/msg00000.html', 'http://marc.info/?l=bugtraq&m=141450452204552&w=2', 'http://marc.info/?l=bugtraq&m=141450973807288&w=2', 'http://marc.info/?l=bugtraq&m=141477196830952&w=2', 'http://marc.info/?l=bugtraq&m=141576815022399&w=2', 'http://marc.info/?l=bugtraq&m=141577087123040&w=2', 'http://marc.info/?l=bugtraq&m=141577350823734&w=2', 'http://marc.info/?l=bugtraq&m=141620103726640&w=2', 'http://marc.info/?l=bugtraq&m=141628688425177&w=2', 'http://marc.info/?l=bugtraq&m=141694355519663&w=2', 'http://marc.info/?l=bugtraq&m=141697638231025&w=2', 'http://marc.info/?l=bugtraq&m=141697676231104&w=2', 'http://marc.info/?l=bugtraq&m=141703183219781&w=2', 'http://marc.info/?l=bugtraq&m=141715130023061&w=2', 'http://marc.info/?l=bugtraq&m=141775427104070&w=2', 'http://marc.info/?l=bugtraq&m=141813976718456&w=2', 'http://marc.info/?l=bugtraq&m=141814011518700&w=2', 'http://marc.info/?l=bugtraq&m=141879378918327&w=2', 'http://marc.info/?l=bugtraq&m=142103967620673&w=2', 'http://marc.info/?l=bugtraq&m=142118135300698&w=2', 'http://marc.info/?l=bugtraq&m=142296755107581&w=2', 'http://marc.info/?l=bugtraq&m=142350196615714&w=2', 'http://marc.info/?l=bugtraq&m=142350298616097&w=2', 'http://marc.info/?l=bugtraq&m=142350743917559&w=2', 'http://marc.info/?l=bugtraq&m=142354438527235&w=2', 'http://marc.info/?l=bugtraq&m=142357976805598&w=2', 'http://marc.info/?l=bugtraq&m=142495837901899&w=2', 'http://marc.info/?l=bugtraq&m=142496355704097&w=2', 'http://marc.info/?l=bugtraq&m=142546741516006&w=2', 'http://marc.info/?l=bugtraq&m=142607790919348&w=2', 'http://marc.info/?l=bugtraq&m=142624590206005&w=2', 'http://marc.info/?l=bugtraq&m=142624619906067', 'http://marc.info/?l=bugtraq&m=142624619906067&w=2', 'http://marc.info/?l=bugtraq&m=142624679706236&w=2', 'http://marc.info/?l=bugtraq&m=142624719706349&w=2', 'http://marc.info/?l=bugtraq&m=142660345230545&w=2', 'http://marc.info/?l=bugtraq&m=142721830231196&w=2', 'http://marc.info/?l=bugtraq&m=142721887231400&w=2', 'http://marc.info/?l=bugtraq&m=142740155824959&w=2', 'http://marc.info/?l=bugtraq&m=142791032306609&w=2', 'http://marc.info/?l=bugtraq&m=142804214608580&w=2', 'http://marc.info/?l=bugtraq&m=142805027510172&w=2', 'http://marc.info/?l=bugtraq&m=142962817202793&w=2', 'http://marc.info/?l=bugtraq&m=143039249603103&w=2', 'http://marc.info/?l=bugtraq&m=143101048219218&w=2', 'http://marc.info/?l=bugtraq&m=143290371927178&w=2', 'http://marc.info/?l=bugtraq&m=143290437727362&w=2', 'http://marc.info/?l=bugtraq&m=143290522027658&w=2', 'http://marc.info/?l=bugtraq&m=143290583027876&w=2', 'http://marc.info/?l=bugtraq&m=143558137709884&w=2', 'http://marc.info/?l=bugtraq&m=143558192010071&w=2', 'http://marc.info/?l=bugtraq&m=143628269912142&w=2', 'http://marc.info/?l=bugtraq&m=144101915224472&w=2', 'http://marc.info/?l=bugtraq&m=144251162130364&w=2', 'http://marc.info/?l=bugtraq&m=144294141001552&w=2', 'http://marc.info/?l=bugtraq&m=145983526810210&w=2', 'http://marc.info/?l=openssl-dev&m=141333049205629&w=2', 'http://people.canonical.com/~ubuntu-security/cve/2014/CVE-2014-3566.html', 'http://rhn.redhat.com/errata/RHSA-2014-1652.html', 'http://rhn.redhat.com/errata/RHSA-2014-1653.html', 'http://rhn.redhat.com/errata/RHSA-2014-1692.html', 'http://rhn.redhat.com/errata/RHSA-2014-1876.html', 'http://rhn.redhat.com/errata/RHSA-2014-1877.html', 'http://rhn.redhat.com/errata/RHSA-2014-1880.html', 'http://rhn.redhat.com/errata/RHSA-2014-1881.html', 'http://rhn.redhat.com/errata/RHSA-2014-1882.html', 'http://rhn.redhat.com/errata/RHSA-2014-1920.html', 'http://rhn.redhat.com/errata/RHSA-2014-1948.html', 'http://rhn.redhat.com/errata/RHSA-2015-0068.html', 'http://rhn.redhat.com/errata/RHSA-2015-0079.html', 'http://rhn.redhat.com/errata/RHSA-2015-0080.html', 'http://rhn.redhat.com/errata/RHSA-2015-0085.html', 'http://rhn.redhat.com/errata/RHSA-2015-0086.html', 'http://rhn.redhat.com/errata/RHSA-2015-0264.html', 'http://rhn.redhat.com/errata/RHSA-2015-0698.html', 'http://rhn.redhat.com/errata/RHSA-2015-1545.html', 'http://rhn.redhat.com/errata/RHSA-2015-1546.html', 'http://secunia.com/advisories/59627', 'http://secunia.com/advisories/60056', 'http://secunia.com/advisories/60206', 'http://secunia.com/advisories/60792', 'http://secunia.com/advisories/60859', 'http://secunia.com/advisories/61019', 'http://secunia.com/advisories/61130', 'http://secunia.com/advisories/61303', 'http://secunia.com/advisories/61316', 'http://secunia.com/advisories/61345', 'http://secunia.com/advisories/61359', 'http://secunia.com/advisories/61782', 'http://secunia.com/advisories/61810', 'http://secunia.com/advisories/61819', 'http://secunia.com/advisories/61825', 'http://secunia.com/advisories/61827', 'http://secunia.com/advisories/61926', 'http://secunia.com/advisories/61995', 'http://support.apple.com/HT204244', 'http://support.citrix.com/article/CTX200238', 'http://tools.cisco.com/security/center/content/CiscoSecurityAdvisory/cisco-sa-20141015-poodle', 'http://www-01.ibm.com/support/docview.wss?uid=isg3T1021431', 'http://www-01.ibm.com/support/docview.wss?uid=isg3T1021439', 'http://www-01.ibm.com/support/docview.wss?uid=swg21686997', 'http://www-01.ibm.com/support/docview.wss?uid=swg21687172', 'http://www-01.ibm.com/support/docview.wss?uid=swg21687611', 'http://www-01.ibm.com/support/docview.wss?uid=swg21688283', 'http://www-01.ibm.com/support/docview.wss?uid=swg21692299', 'http://www.debian.org/security/2014/dsa-3053', 'http://www.debian.org/security/2015/dsa-3144', 'http://www.debian.org/security/2015/dsa-3147', 'http://www.debian.org/security/2015/dsa-3253', 'http://www.debian.org/security/2016/dsa-3489', 'http://www.kb.cert.org/vuls/id/577193', 'http://www.mandriva.com/security/advisories?name=MDVSA-2014:203', 'http://www.mandriva.com/security/advisories?name=MDVSA-2015:062', 'http://www.oracle.com/technetwork/security-advisory/cpuapr2016v3-2985753.html', 'http://www.oracle.com/technetwork/security-advisory/cpujul2016-2881720.html', 'http://www.oracle.com/technetwork/security-advisory/cpujul2017-3236622.html', 'http://www.oracle.com/technetwork/topics/security/bulletinapr2015-2511959.html', 'http://www.oracle.com/technetwork/topics/security/bulletinapr2016-2952098.html', 'http://www.oracle.com/technetwork/topics/security/bulletinjan2015-2370101.html', 'http://www.oracle.com/technetwork/topics/security/bulletinjan2016-2867206.html', 'http://www.oracle.com/technetwork/topics/security/bulletinjul2015-2511963.html', 'http://www.oracle.com/technetwork/topics/security/bulletinoct2015-2511968.html', 'http://www.oracle.com/technetwork/topics/security/cpuapr2015-2365600.html', 'http://www.oracle.com/technetwork/topics/security/cpujan2015-1972971.html', 'http://www.oracle.com/technetwork/topics/security/cpujul2015-2367936.html', 'http://www.securityfocus.com/archive/1/533724/100/0/threaded', 'http://www.securityfocus.com/archive/1/533746', 'http://www.securityfocus.com/archive/1/533747', 'http://www.securityfocus.com/bid/70574', 'http://www.securitytracker.com/id/1031029', 'http://www.securitytracker.com/id/1031039', 'http://www.securitytracker.com/id/1031085', 'http://www.securitytracker.com/id/1031086', 'http://www.securitytracker.com/id/1031087', 'http://www.securitytracker.com/id/1031088', 'http://www.securitytracker.com/id/1031089', 'http://www.securitytracker.com/id/1031090', 'http://www.securitytracker.com/id/1031091', 'http://www.securitytracker.com/id/1031092', 'http://www.securitytracker.com/id/1031093', 'http://www.securitytracker.com/id/1031094', 'http://www.securitytracker.com/id/1031095', 'http://www.securitytracker.com/id/1031096', 'http://www.securitytracker.com/id/1031105', 'http://www.securitytracker.com/id/1031106', 'http://www.securitytracker.com/id/1031107', 'http://www.securitytracker.com/id/1031120', 'http://www.securitytracker.com/id/1031123', 'http://www.securitytracker.com/id/1031124', 'http://www.securitytracker.com/id/1031130', 'http://www.securitytracker.com/id/1031131', 'http://www.securitytracker.com/id/1031132', 'http://www.ubuntu.com/usn/USN-2486-1', 'http://www.ubuntu.com/usn/USN-2487-1', 'http://www.us-cert.gov/ncas/alerts/TA14-290A', 'http://www.vmware.com/security/advisories/VMSA-2015-0003.html', 'http://www.websense.com/support/article/kbarticle/Vulnerabilities-resolved-in-TRITON-APX-Version-8-0', 'http://www1.huawei.com/en/security/psirt/security-bulletins/security-advisories/hw-405500.htm', 'https://access.redhat.com/articles/1232123', 'https://blog.mozilla.org/security/2014/10/14/the-poodle-attack-and-the-end-of-ssl-3-0/', 'https://blogs.oracle.com/sunsecurity/entry/multiple_vulnerabilities_in_openssl6', 'https://bto.bluecoat.com/security-advisory/sa83', 'https://bugzilla.mozilla.org/show_bug.cgi?id=1076983', 'https://bugzilla.redhat.com/show_bug.cgi?id=1152789', 'https://devcentral.f5.com/articles/cve-2014-3566-removing-sslv3-from-big-ip', 'https://github.com/mpgn/poodle-PoC', 'https://groups.google.com/forum/#%21topic/docker-user/oYm0i3xShJU', 'https://h20566.www2.hpe.com/portal/site/hpsc/public/kb/docDisplay?docId=emr_na-c04819635', 'https://h20566.www2.hpe.com/portal/site/hpsc/public/kb/docDisplay?docId=emr_na-c05068681', 'https://h20566.www2.hpe.com/portal/site/hpsc/public/kb/docDisplay?docId=emr_na-c05157667', 'https://h20566.www2.hpe.com/portal/site/hpsc/public/kb/docDisplay?docId=emr_na-c05301946', 'https://ics-cert.us-cert.gov/advisories/ICSMA-18-058-02', 'https://kc.mcafee.com/corporate/index?page=content&id=SB10090', 'https://kc.mcafee.com/corporate/index?page=content&id=SB10091', 'https://kc.mcafee.com/corporate/index?page=content&id=SB10104', 'https://lists.apache.org/thread.html/r36e44ffc1a9b365327df62cdfaabe85b9a5637de102cea07d79b2dbf%40%3Ccommits.cxf.apache.org%3E', 'https://lists.apache.org/thread.html/rc774278135816e7afc943dc9fc78eb0764f2c84a2b96470a0187315c%40%3Ccommits.cxf.apache.org%3E', 'https://lists.apache.org/thread.html/rd49aabd984ed540c8ff7916d4d79405f3fa311d2fdbcf9ed307839a6%40%3Ccommits.cxf.apache.org%3E', 'https://lists.apache.org/thread.html/rec7160382badd3ef4ad017a22f64a266c7188b9ba71394f0d321e2d4%40%3Ccommits.cxf.apache.org%3E', 'https://lists.apache.org/thread.html/rfb87e0bf3995e7d560afeed750fac9329ff5f1ad49da365129b7f89e%40%3Ccommits.cxf.apache.org%3E', 'https://lists.apache.org/thread.html/rff42cfa5e7d75b7c1af0e37589140a8f1999e578a75738740b244bd4%40%3Ccommits.cxf.apache.org%3E', 'https://puppet.com/security/cve/poodle-sslv3-vulnerability', 'https://security.gentoo.org/glsa/201507-14', 'https://security.gentoo.org/glsa/201606-11', 'https://security.netapp.com/advisory/ntap-20141015-0001/', 'https://support.apple.com/HT205217', 'https://support.apple.com/kb/HT6527', 'https://support.apple.com/kb/HT6529', 'https://support.apple.com/kb/HT6531', 'https://support.apple.com/kb/HT6535', 'https://support.apple.com/kb/HT6536', 'https://support.apple.com/kb/HT6541', 'https://support.apple.com/kb/HT6542', 'https://support.citrix.com/article/CTX216642', 'https://support.lenovo.com/product_security/poodle', 'https://support.lenovo.com/us/en/product_security/poodle', 'https://technet.microsoft.com/library/security/3009008.aspx', 'https://templatelab.com/ssl-poodle/', 'https://www-01.ibm.com/support/docview.wss?uid=swg21688165', 'https://www.arista.com/en/support/advisories-notices/security-advisories/1015-security-advisory-7', 'https://www.cloudera.com/documentation/other/security-bulletins/topics/csb_topic_1.html', 'https://www.dfranke.us/posts/2014-10-14-how-poodle-happened.html', 'https://www.elastic.co/blog/logstash-1-4-3-released', 'https://www.imperialviolet.org/2014/10/14/poodle.html', 'https://www.openssl.org/news/secadv_20141015.txt', 'https://www.openssl.org/~bodo/ssl-poodle.pdf', 'https://www.suse.com/support/kb/doc.php?id=7015773'], 'Metasploit_module_name': 'SSL/TLS Version Detection', 'Metasploit_type': 'auxiliary'}",Nessus,78479,SSLv3 Padding Oracle On Downgraded Legacy Encryption Vulnerability (POODLE),Medium,4.3,"The remote host is affected by a man-in-the-middle (MitM) information disclosure vulnerability known as POODLE. The vulnerability is due to the way SSL 3.0 handles padding bytes when decrypting messages encrypted using block ciphers in cipher block chaining (CBC) mode.
MitM attackers can decrypt a selected byte of a cipher text in as few as 256 tries if they are able to force a victim application to repeatedly send the same data over newly created SSL 3.0 connections.

As long as a client and service both support SSLv3, a connection can be 'rolled back' to SSLv3, even if TLSv1 or newer is supported by the client and service.

The TLS Fallback SCSV mechanism prevents 'version rollback' attacks without impacting legacy clients; however, it can only protect connections when the client and service support the mechanism. Sites that cannot disable SSLv3 immediately should enable this mechanism.

This is a vulnerability in the SSLv3 specification, not in any particular SSL implementation. Disabling SSLv3 is the only way to completely mitigate the vulnerability. It is possible to obtain sensitive information from the remote host with SSL/TLS-enabled services.",Open,443,tcp,,"Disable SSLv3.

Services that must support SSLv3 should enable the TLS Fallback SCSV mechanism until SSLv3 can be disabled.","https://www.imperialviolet.org/2014/10/14/poodle.html
https://www.openssl.org/~bodo/ssl-poodle.pdf
https://tools.ietf.org/html/draft-ietf-tls-downgrade-scsv-00",10.10.1.230
8d64d2ead7090ee001fc9b38674a3dc2,0.06,['CVE-1999-0524'],['CWE-200'],"{'EPSS_epss_value': 0.00588, 'EPSS_percentile': 0.6838, 'NVD_weaknesses': 'CWE-200', 'NVD_references': ['http://descriptions.securescout.com/tc/11010', 'http://descriptions.securescout.com/tc/11011', 'http://kb.juniper.net/InfoCenter/index?page=content&id=JSA10705', 'http://kb.vmware.com/selfservice/microsites/search.do?cmd=displayKC&externalId=1434', 'http://www.osvdb.org/95', 'https://exchange.xforce.ibmcloud.com/vulnerabilities/306', 'https://exchange.xforce.ibmcloud.com/vulnerabilities/322', 'https://kc.mcafee.com/corporate/index?page=content&id=SB10053', 'https://support.f5.com/csp/article/K15277']}",Nessus,10114,ICMP Timestamp Request Remote Date Disclosure,,0.0,"The remote host answers to an ICMP timestamp request.  This allows an attacker to know the date that is set on the targeted machine, which may assist an unauthenticated, remote attacker in defeating time-based authentication protocols.

Timestamps returned from machines running Windows Vista / 7 / 2008 / 2008 R2 are deliberately incorrect, but usually within 1000 seconds of the actual system time. It is possible to determine the exact time set on the remote host.",Open,0,icmp,,"Filter out the ICMP timestamp requests (13), and the outgoing ICMP timestamp replies (14).",,10.10.2.10
1f767f500c28cbae7a8ea0101237ec51,0.09,['CVE-1999-0632'],['NVD-CWE-Other'],"{'EPSS_epss_value': 0.00918, 'EPSS_percentile': 0.75316, 'NVD_weaknesses': 'NVD-CWE-Other', 'NVD_references': 'https://www.cve.org/CVERecord?id=CVE-1999-0632'}",Nessus,10223,RPC portmapper Service Detection,,0.0,"The RPC portmapper is running on this port.

The portmapper allows someone to get the port number of each RPC service running on the remote host by sending either multiple lookup requests or a DUMP request. An ONC RPC portmapper is running on the remote host.",Open,111,udp,,,,10.10.2.10
d281a72483d865cfddeb9bd3be37de81,7.75,['CVE-2016-2183'],['CWE-200'],"{'EPSS_epss_value': 0.40016, 'EPSS_percentile': 0.97171, 'NVD_weaknesses': 'CWE-200', 'NVD_references': ['http://kb.juniper.net/InfoCenter/index?page=content&id=JSA10759', 'http://lists.opensuse.org/opensuse-security-announce/2016-09/msg00022.html', 'http://lists.opensuse.org/opensuse-security-announce/2016-09/msg00023.html', 'http://lists.opensuse.org/opensuse-security-announce/2016-09/msg00024.html', 'http://lists.opensuse.org/opensuse-security-announce/2016-09/msg00031.html', 'http://lists.opensuse.org/opensuse-security-announce/2016-10/msg00005.html', 'http://lists.opensuse.org/opensuse-security-announce/2016-10/msg00011.html', 'http://lists.opensuse.org/opensuse-security-announce/2016-10/msg00012.html', 'http://lists.opensuse.org/opensuse-security-announce/2016-10/msg00013.html', 'http://lists.opensuse.org/opensuse-security-announce/2016-10/msg00021.html', 'http://lists.opensuse.org/opensuse-security-announce/2016-10/msg00029.html', 'http://lists.opensuse.org/opensuse-security-announce/2017-01/msg00068.html', 'http://lists.opensuse.org/opensuse-security-announce/2017-02/msg00003.html', 'http://lists.opensuse.org/opensuse-security-announce/2017-02/msg00023.html', 'http://lists.opensuse.org/opensuse-security-announce/2017-02/msg00028.html', 'http://lists.opensuse.org/opensuse-security-announce/2017-02/msg00032.html', 'http://lists.opensuse.org/opensuse-security-announce/2017-05/msg00076.html', 'http://lists.opensuse.org/opensuse-security-announce/2017-10/msg00010.html', 'http://lists.opensuse.org/opensuse-security-announce/2017-10/msg00011.html', 'http://lists.opensuse.org/opensuse-security-announce/2018-02/msg00032.html', 'http://packetstormsecurity.com/files/142756/IBM-Informix-Dynamic-Server-DLL-Injection-Code-Execution.html', 'http://rhn.redhat.com/errata/RHSA-2017-0336.html', 'http://rhn.redhat.com/errata/RHSA-2017-0337.html', 'http://rhn.redhat.com/errata/RHSA-2017-0338.html', 'http://rhn.redhat.com/errata/RHSA-2017-0462.html', 'http://seclists.org/fulldisclosure/2017/Jul/31', 'http://seclists.org/fulldisclosure/2017/May/105', 'http://www-01.ibm.com/support/docview.wss?uid=nas8N1021697', 'http://www-01.ibm.com/support/docview.wss?uid=swg21991482', 'http://www-01.ibm.com/support/docview.wss?uid=swg21995039', 'http://www.debian.org/security/2016/dsa-3673', 'http://www.huawei.com/en/psirt/security-advisories/huawei-sa-20170322-01-openssl-en', 'http://www.oracle.com/technetwork/security-advisory/cpuapr2018-3678067.html', 'http://www.oracle.com/technetwork/security-advisory/cpujan2018-3236628.html', 'http://www.oracle.com/technetwork/security-advisory/cpujul2017-3236622.html', 'http://www.oracle.com/technetwork/security-advisory/cpuoct2016-2881722.html', 'http://www.oracle.com/technetwork/security-advisory/cpuoct2017-3236626.html', 'http://www.oracle.com/technetwork/topics/security/linuxbulletinoct2016-3090545.html', 'http://www.oracle.com/technetwork/topics/security/ovmbulletinoct2016-3090547.html', 'http://www.securityfocus.com/archive/1/539885/100/0/threaded', 'http://www.securityfocus.com/archive/1/540341/100/0/threaded', 'http://www.securityfocus.com/archive/1/541104/100/0/threaded', 'http://www.securityfocus.com/archive/1/542005/100/0/threaded', 'http://www.securityfocus.com/archive/1/archive/1/539885/100/0/threaded', 'http://www.securityfocus.com/archive/1/archive/1/540129/100/0/threaded', 'http://www.securityfocus.com/archive/1/archive/1/540341/100/0/threaded', 'http://www.securityfocus.com/archive/1/archive/1/541104/100/0/threaded', 'http://www.securityfocus.com/archive/1/archive/1/542005/100/0/threaded', 'http://www.securityfocus.com/bid/92630', 'http://www.securityfocus.com/bid/95568', 'http://www.securitytracker.com/id/1036696', 'http://www.splunk.com/view/SP-CAAAPSV', 'http://www.splunk.com/view/SP-CAAAPUE', 'http://www.ubuntu.com/usn/USN-3087-1', 'http://www.ubuntu.com/usn/USN-3087-2', 'http://www.ubuntu.com/usn/USN-3179-1', 'http://www.ubuntu.com/usn/USN-3194-1', 'http://www.ubuntu.com/usn/USN-3198-1', 'http://www.ubuntu.com/usn/USN-3270-1', 'http://www.ubuntu.com/usn/USN-3372-1', 'https://access.redhat.com/articles/2548661', 'https://access.redhat.com/errata/RHSA-2017:1216', 'https://access.redhat.com/errata/RHSA-2017:2708', 'https://access.redhat.com/errata/RHSA-2017:2709', 'https://access.redhat.com/errata/RHSA-2017:2710', 'https://access.redhat.com/errata/RHSA-2017:3113', 'https://access.redhat.com/errata/RHSA-2017:3114', 'https://access.redhat.com/errata/RHSA-2017:3239', 'https://access.redhat.com/errata/RHSA-2017:3240', 'https://access.redhat.com/errata/RHSA-2018:2123', 'https://access.redhat.com/errata/RHSA-2019:1245', 'https://access.redhat.com/errata/RHSA-2019:2859', 'https://access.redhat.com/errata/RHSA-2020:0451', 'https://access.redhat.com/security/cve/cve-2016-2183', 'https://blog.cryptographyengineering.com/2016/08/24/attack-of-week-64-bit-ciphers-in-tls/', 'https://bto.bluecoat.com/security-advisory/sa133', 'https://bugzilla.redhat.com/show_bug.cgi?id=1369383', 'https://cert-portal.siemens.com/productcert/pdf/ssa-412672.pdf', 'https://github.com/ssllabs/ssllabs-scan/issues/387#issuecomment-242514633', 'https://h20566.www2.hpe.com/hpsc/doc/public/display?docLocale=en_US&docId=emr_na-c05302448', 'https://h20566.www2.hpe.com/hpsc/doc/public/display?docLocale=en_US&docId=emr_na-c05369403', 'https://h20566.www2.hpe.com/hpsc/doc/public/display?docLocale=en_US&docId=emr_na-c05369415', 'https://h20566.www2.hpe.com/hpsc/doc/public/display?docLocale=en_US&docId=emr_na-c05385680', 'https://h20566.www2.hpe.com/hpsc/doc/public/display?docLocale=en_US&docId=emr_na-c05390722', 'https://h20566.www2.hpe.com/hpsc/doc/public/display?docLocale=en_US&docId=emr_na-c05390849', 'https://h20566.www2.hpe.com/hpsc/doc/public/display?docLocale=en_US&docId=emr_na-hpesbgn03765en_us', 'https://h20566.www2.hpe.com/hpsc/doc/public/display?docLocale=en_US&docId=emr_na-hpesbux03725en_us', 'https://h20566.www2.hpe.com/portal/site/hpsc/public/kb/docDisplay?docId=emr_na-c05302448', 'https://h20566.www2.hpe.com/portal/site/hpsc/public/kb/docDisplay?docId=emr_na-c05309984', 'https://h20566.www2.hpe.com/portal/site/hpsc/public/kb/docDisplay?docId=emr_na-c05323116', 'https://h20566.www2.hpe.com/portal/site/hpsc/public/kb/docDisplay?docId=emr_na-c05349499', 'https://h20566.www2.hpe.com/portal/site/hpsc/public/kb/docDisplay?docId=emr_na-c05356388', 'https://h20566.www2.hpe.com/portal/site/hpsc/public/kb/docDisplay?docId=emr_na-c05369403', 'https://h20566.www2.hpe.com/portal/site/hpsc/public/kb/docDisplay?docId=emr_na-c05369415', 'https://h20566.www2.hpe.com/portal/site/hpsc/public/kb/docDisplay?docId=emr_na-c05385680', 'https://h20566.www2.hpe.com/portal/site/hpsc/public/kb/docDisplay?docId=emr_na-c05390722', 'https://h20566.www2.hpe.com/portal/site/hpsc/public/kb/docDisplay?docId=emr_na-c05390849', 'https://ics-cert.us-cert.gov/advisories/ICSMA-18-058-02', 'https://kb.pulsesecure.net/articles/Pulse_Security_Advisories/SA40312', 'https://kc.mcafee.com/corporate/index?page=content&id=SB10171', 'https://kc.mcafee.com/corporate/index?page=content&id=SB10186', 'https://kc.mcafee.com/corporate/index?page=content&id=SB10197', 'https://kc.mcafee.com/corporate/index?page=content&id=SB10215', 'https://kc.mcafee.com/corporate/index?page=content&id=SB10310', 'https://nakedsecurity.sophos.com/2016/08/25/anatomy-of-a-cryptographic-collision-the-sweet32-attack/', 'https://nodejs.org/en/blog/vulnerability/september-2016-security-releases/', 'https://seclists.org/bugtraq/2018/Nov/21', 'https://security.gentoo.org/glsa/201612-16', 'https://security.gentoo.org/glsa/201701-65', 'https://security.gentoo.org/glsa/201707-01', 'https://security.netapp.com/advisory/ntap-20160915-0001/', 'https://security.netapp.com/advisory/ntap-20170119-0001/', 'https://softwaresupport.softwaregrp.com/document/-/facetsearch/document/KM03158613', 'https://softwaresupport.softwaregrp.com/document/-/facetsearch/document/KM03286178', 'https://support.f5.com/csp/article/K13167034', 'https://sweet32.info/', 'https://wiki.opendaylight.org/view/Security_Advisories', 'https://www.arista.com/en/support/advisories-notices/security-advisories/1749-security-advisory-24', 'https://www.exploit-db.com/exploits/42091/', 'https://www.ietf.org/mail-archive/web/tls/current/msg04560.html', 'https://www.mitel.com/en-ca/support/security-advisories/mitel-product-security-advisory-17-0008', 'https://www.nccgroup.trust/us/about-us/newsroom-and-events/blog/2016/august/new-practical-attacks-on-64-bit-block-ciphers-3des-blowfish/', 'https://www.openssl.org/blog/blog/2016/08/24/sweet32/', 'https://www.oracle.com/security-alerts/cpuapr2020.html', 'https://www.oracle.com/security-alerts/cpujan2020.html', 'https://www.oracle.com/security-alerts/cpujul2020.html', 'https://www.oracle.com/security-alerts/cpuoct2020.html', 'https://www.oracle.com/security-alerts/cpuoct2021.html', 'https://www.oracle.com/technetwork/security-advisory/cpujul2019-5072835.html', 'https://www.sigsac.org/ccs/CCS2016/accepted-papers/', 'https://www.tenable.com/security/tns-2016-16', 'https://www.tenable.com/security/tns-2016-20', 'https://www.tenable.com/security/tns-2016-21', 'https://www.tenable.com/security/tns-2017-09', 'https://www.teskalabs.com/blog/teskalabs-bulletin-160826-seacat-sweet32-issue', 'https://www.vicarius.io/vsociety/posts/cve-2016-2183-detection-sweet32-vulnerability', 'https://www.vicarius.io/vsociety/posts/cve-2016-2183-mitigate-sweet32-vulnerability']}",Nessus,42873,SSL Medium Strength Cipher Suites Supported (SWEET32),Medium,5.0,"The remote host supports the use of SSL ciphers that offer medium strength encryption. Nessus regards medium strength as any encryption that uses key lengths at least 64 bits and less than 112 bits, or else that uses the 3DES encryption suite.

Note that it is considerably easier to circumvent medium strength encryption if the attacker is on the same physical network. The remote service supports the use of medium strength SSL ciphers.",Open,10000,tcp,,Reconfigure the affected application if possible to avoid use of medium strength ciphers.,"https://www.openssl.org/blog/blog/2016/08/24/sweet32/
https://sweet32.info",10.10.2.10
1c64447f177627a3465d40487aebac6d,19.03,['CVE-2013-2566'],['CWE-326'],"{'EPSS_epss_value': 0.90324, 'EPSS_percentile': 0.99572, 'NVD_weaknesses': 'CWE-326', 'NVD_references': ['http://blog.cryptographyengineering.com/2013/03/attack-of-week-rc4-is-kind-of-broken-in.html', 'http://cr.yp.to/talks/2013.03.12/slides.pdf', 'http://kb.juniper.net/InfoCenter/index?page=content&id=JSA10705', 'http://marc.info/?l=bugtraq&m=143039468003789&w=2', 'http://my.opera.com/securitygroup/blog/2013/03/20/on-the-precariousness-of-rc4', 'http://security.gentoo.org/glsa/glsa-201406-19.xml', 'http://www.isg.rhul.ac.uk/tls/', 'http://www.mozilla.org/security/announce/2013/mfsa2013-103.html', 'http://www.opera.com/docs/changelogs/unified/1215/', 'http://www.opera.com/security/advisory/1046', 'http://www.oracle.com/technetwork/security-advisory/cpuapr2016v3-2985753.html', 'http://www.oracle.com/technetwork/security-advisory/cpujan2018-3236628.html', 'http://www.oracle.com/technetwork/security-advisory/cpujul2016-2881720.html', 'http://www.oracle.com/technetwork/security-advisory/cpuoct2016-2881722.html', 'http://www.oracle.com/technetwork/security-advisory/cpuoct2017-3236626.html', 'http://www.securityfocus.com/bid/58796', 'http://www.ubuntu.com/usn/USN-2031-1', 'http://www.ubuntu.com/usn/USN-2032-1', 'https://h20566.www2.hpe.com/portal/site/hpsc/public/kb/docDisplay?docId=emr_na-c05289935', 'https://h20566.www2.hpe.com/portal/site/hpsc/public/kb/docDisplay?docId=emr_na-c05336888', 'https://security.gentoo.org/glsa/201504-01'], 'Metasploit_module_name': 'SSL/TLS Version Detection', 'Metasploit_type': 'auxiliary'}",Nessus,65821,SSL RC4 Cipher Suites Supported (Bar Mitzvah),Low,2.6,"The remote host supports the use of RC4 in one or more cipher suites.
The RC4 cipher is flawed in its generation of a pseudo-random stream of bytes so that a wide variety of small biases are introduced into the stream, decreasing its randomness.

If plaintext is repeatedly encrypted (e.g., HTTP cookies), and an attacker is able to obtain many (i.e., tens of millions) ciphertexts, the attacker may be able to derive the plaintext. The remote service supports the use of the RC4 cipher.",Open,10000,tcp,,"Reconfigure the affected application, if possible, to avoid use of RC4 ciphers. Consider using TLS 1.2 with AES-GCM suites subject to browser and web server support.","http://www.nessus.org/u?ac7327a0
http://cr.yp.to/talks/2013.03.12/slides.pdf
http://www.isg.rhul.ac.uk/tls/
https://www.imperva.com/docs/HII_Attacking_SSL_when_using_RC4.pdf",10.10.2.10
1c64447f177627a3465d40487aebac6d,3.47,['CVE-2015-2808'],['CWE-327'],"{'EPSS_epss_value': 0.34742, 'EPSS_percentile': 0.9685, 'NVD_weaknesses': 'CWE-327', 'NVD_references': ['http://h20564.www2.hpe.com/hpsc/doc/public/display?docId=emr_na-c04779034', 'http://kb.juniper.net/InfoCenter/index?page=content&id=JSA10705', 'http://kb.juniper.net/InfoCenter/index?page=content&id=JSA10727', 'http://lists.opensuse.org/opensuse-security-announce/2015-06/msg00013.html', 'http://lists.opensuse.org/opensuse-security-announce/2015-06/msg00014.html', 'http://lists.opensuse.org/opensuse-security-announce/2015-06/msg00015.html', 'http://lists.opensuse.org/opensuse-security-announce/2015-06/msg00022.html', 'http://lists.opensuse.org/opensuse-security-announce/2015-06/msg00031.html', 'http://lists.opensuse.org/opensuse-security-announce/2015-07/msg00039.html', 'http://lists.opensuse.org/opensuse-security-announce/2015-07/msg00040.html', 'http://lists.opensuse.org/opensuse-security-announce/2015-07/msg00046.html', 'http://lists.opensuse.org/opensuse-security-announce/2015-07/msg00047.html', 'http://lists.opensuse.org/opensuse-security-announce/2015-12/msg00000.html', 'http://lists.opensuse.org/opensuse-security-announce/2015-12/msg00004.html', 'http://lists.opensuse.org/opensuse-security-announce/2016-01/msg00005.html', 'http://marc.info/?l=bugtraq&m=143456209711959&w=2', 'http://marc.info/?l=bugtraq&m=143629696317098&w=2', 'http://marc.info/?l=bugtraq&m=143741441012338&w=2', 'http://marc.info/?l=bugtraq&m=143817021313142&w=2', 'http://marc.info/?l=bugtraq&m=143817899717054&w=2', 'http://marc.info/?l=bugtraq&m=143818140118771&w=2', 'http://marc.info/?l=bugtraq&m=144043644216842&w=2', 'http://marc.info/?l=bugtraq&m=144059660127919&w=2', 'http://marc.info/?l=bugtraq&m=144059703728085&w=2', 'http://marc.info/?l=bugtraq&m=144060576831314&w=2', 'http://marc.info/?l=bugtraq&m=144060606031437&w=2', 'http://marc.info/?l=bugtraq&m=144069189622016&w=2', 'http://marc.info/?l=bugtraq&m=144102017024820&w=2', 'http://marc.info/?l=bugtraq&m=144104533800819&w=2', 'http://marc.info/?l=bugtraq&m=144104565600964&w=2', 'http://marc.info/?l=bugtraq&m=144493176821532&w=2', 'http://rhn.redhat.com/errata/RHSA-2015-1006.html', 'http://rhn.redhat.com/errata/RHSA-2015-1007.html', 'http://rhn.redhat.com/errata/RHSA-2015-1020.html', 'http://rhn.redhat.com/errata/RHSA-2015-1021.html', 'http://rhn.redhat.com/errata/RHSA-2015-1091.html', 'http://rhn.redhat.com/errata/RHSA-2015-1228.html', 'http://rhn.redhat.com/errata/RHSA-2015-1229.html', 'http://rhn.redhat.com/errata/RHSA-2015-1230.html', 'http://rhn.redhat.com/errata/RHSA-2015-1241.html', 'http://rhn.redhat.com/errata/RHSA-2015-1242.html', 'http://rhn.redhat.com/errata/RHSA-2015-1243.html', 'http://rhn.redhat.com/errata/RHSA-2015-1526.html', 'http://www-01.ibm.com/support/docview.wss?uid=swg1IV71888', 'http://www-01.ibm.com/support/docview.wss?uid=swg1IV71892', 'http://www-01.ibm.com/support/docview.wss?uid=swg21883640', 'http://www-304.ibm.com/support/docview.wss?uid=swg21903565', 'http://www-304.ibm.com/support/docview.wss?uid=swg21960015', 'http://www-304.ibm.com/support/docview.wss?uid=swg21960769', 'http://www.debian.org/security/2015/dsa-3316', 'http://www.debian.org/security/2015/dsa-3339', 'http://www.huawei.com/en/psirt/security-advisories/hw-454055', 'http://www.oracle.com/technetwork/security-advisory/cpuapr2016v3-2985753.html', 'http://www.oracle.com/technetwork/security-advisory/cpujan2018-3236628.html', 'http://www.oracle.com/technetwork/security-advisory/cpujul2016-2881720.html', 'http://www.oracle.com/technetwork/security-advisory/cpuoct2017-3236626.html', 'http://www.oracle.com/technetwork/topics/security/cpujul2015-2367936.html', 'http://www.securityfocus.com/bid/73684', 'http://www.securityfocus.com/bid/91787', 'http://www.securitytracker.com/id/1032599', 'http://www.securitytracker.com/id/1032600', 'http://www.securitytracker.com/id/1032707', 'http://www.securitytracker.com/id/1032708', 'http://www.securitytracker.com/id/1032734', 'http://www.securitytracker.com/id/1032788', 'http://www.securitytracker.com/id/1032858', 'http://www.securitytracker.com/id/1032868', 'http://www.securitytracker.com/id/1032910', 'http://www.securitytracker.com/id/1032990', 'http://www.securitytracker.com/id/1033071', 'http://www.securitytracker.com/id/1033072', 'http://www.securitytracker.com/id/1033386', 'http://www.securitytracker.com/id/1033415', 'http://www.securitytracker.com/id/1033431', 'http://www.securitytracker.com/id/1033432', 'http://www.securitytracker.com/id/1033737', 'http://www.securitytracker.com/id/1033769', 'http://www.securitytracker.com/id/1036222', 'http://www.ubuntu.com/usn/USN-2696-1', 'http://www.ubuntu.com/usn/USN-2706-1', 'http://www1.huawei.com/en/security/psirt/security-bulletins/security-advisories/hw-454055.htm', 'https://h20564.www2.hp.com/portal/site/hpsc/public/kb/docDisplay?docId=emr_na-c04687922', 'https://h20564.www2.hpe.com/portal/site/hpsc/public/kb/docDisplay?docId=emr_na-c04770140', 'https://h20564.www2.hpe.com/portal/site/hpsc/public/kb/docDisplay?docId=emr_na-c04772190', 'https://h20564.www2.hpe.com/portal/site/hpsc/public/kb/docDisplay?docId=emr_na-c04773119', 'https://h20564.www2.hpe.com/portal/site/hpsc/public/kb/docDisplay?docId=emr_na-c04773241', 'https://h20564.www2.hpe.com/portal/site/hpsc/public/kb/docDisplay?docId=emr_na-c04773256', 'https://h20564.www2.hpe.com/portal/site/hpsc/public/kb/docDisplay?docId=emr_na-c04832246', 'https://h20564.www2.hpe.com/portal/site/hpsc/public/kb/docDisplay?docId=emr_na-c04926789', 'https://h20566.www2.hpe.com/hpsc/doc/public/display?docId=emr_na-c04708650', 'https://h20566.www2.hpe.com/hpsc/doc/public/display?docId=emr_na-c04711380', 'https://h20566.www2.hpe.com/portal/site/hpsc/public/kb/docDisplay?docId=emr_na-c05085988', 'https://h20566.www2.hpe.com/portal/site/hpsc/public/kb/docDisplay?docId=emr_na-c05193347', 'https://h20566.www2.hpe.com/portal/site/hpsc/public/kb/docDisplay?docId=emr_na-c05289935', 'https://h20566.www2.hpe.com/portal/site/hpsc/public/kb/docDisplay?docId=emr_na-c05336888', 'https://kb.juniper.net/JSA10783', 'https://kc.mcafee.com/corporate/index?page=content&id=SB10163', 'https://security.gentoo.org/glsa/201512-10', 'https://www-947.ibm.com/support/entry/portal/docdisplay?lndocid=MIGR-5098709', 'https://www.blackhat.com/docs/asia-15/materials/asia-15-Mantin-Bar-Mitzvah-Attack-Breaking-SSL-With-13-Year-Old-RC4-Weakness-wp.pdf', 'https://www.secpod.com/blog/cve-2015-2808-bar-mitzvah-attack-in-rc4-2/']}",Nessus,65821,SSL RC4 Cipher Suites Supported (Bar Mitzvah),Low,2.6,"The remote host supports the use of RC4 in one or more cipher suites.
The RC4 cipher is flawed in its generation of a pseudo-random stream of bytes so that a wide variety of small biases are introduced into the stream, decreasing its randomness.

If plaintext is repeatedly encrypted (e.g., HTTP cookies), and an attacker is able to obtain many (i.e., tens of millions) ciphertexts, the attacker may be able to derive the plaintext. The remote service supports the use of the RC4 cipher.",Open,10000,tcp,,"Reconfigure the affected application, if possible, to avoid use of RC4 ciphers. Consider using TLS 1.2 with AES-GCM suites subject to browser and web server support.","http://www.nessus.org/u?ac7327a0
http://cr.yp.to/talks/2013.03.12/slides.pdf
http://www.isg.rhul.ac.uk/tls/
https://www.imperva.com/docs/HII_Attacking_SSL_when_using_RC4.pdf",10.10.2.10
0d189b933976da7dfee11fb93f14d900,64.35,['CVE-2019-15107'],['CWE-78'],"{'CISA_required_action': 'Apply updates per vendor instructions.', 'CISA_known_ransomware_campaign_use': 'Unknown', 'CISA_product': 'Webmin', 'CISA_vendor_project': 'Webmin', 'CISA_cwe': 'CWE-78', 'EPSS_epss_value': 0.94461, 'EPSS_percentile': 0.99993, 'ExploitDB_exploit_id': 'https://www.exploit-db.com/exploits/47230', 'ExploitDB_type': 'remote', 'ExploitDB_platform': 'linux', 'NVD_weaknesses': 'CWE-78', 'NVD_references': ['http://packetstormsecurity.com/files/154141/Webmin-1.920-Remote-Command-Execution.html', 'http://packetstormsecurity.com/files/154141/Webmin-Remote-Comman-Execution.html', 'http://packetstormsecurity.com/files/154197/Webmin-1.920-password_change.cgi-Backdoor.html', 'http://packetstormsecurity.com/files/154485/Webmin-1.920-Remote-Code-Execution.html', 'http://www.pentest.com.tr/exploits/DEFCON-Webmin-1920-Unauthenticated-Remote-Command-Execution.html', 'http://www.webmin.com/security.html', 'https://attackerkb.com/topics/hxx3zmiCkR/webmin-password-change-cgi-command-injection', 'https://www.cisa.gov/known-exploited-vulnerabilities-catalog?field_cve=CVE-2019-15107', 'https://www.exploit-db.com/exploits/47230'], 'Metasploit_module_name': 'Webmin password_change.cgi Backdoor', 'Metasploit_type': 'exploit', 'Metasploit_platform': 'Linux,Unix'}",Nessus,127911,"Webmin 1.890 - 1.920 Remote Command Execution (CVE-2019-15107, CVE-2019-15231)",Critical,10.0,"The Webmin install hosted on the remote host is affected by a remote command execution vulnerability. A remote, unauthenticated attacker and exploit this to execute arbitrary commands on the remote host. The remote web server is affected by a remote command execution vulnerability.",Open,10000,tcp,,Update to webmin 1.930 or later.,http://www.webmin.com/changes.html,10.10.2.10
2cc604ebebc21c1cdc9d76f66a62cbf7,19.03,['CVE-2013-2566'],['CWE-326'],"{'EPSS_epss_value': 0.90324, 'EPSS_percentile': 0.99572, 'NVD_weaknesses': 'CWE-326', 'NVD_references': ['http://blog.cryptographyengineering.com/2013/03/attack-of-week-rc4-is-kind-of-broken-in.html', 'http://cr.yp.to/talks/2013.03.12/slides.pdf', 'http://kb.juniper.net/InfoCenter/index?page=content&id=JSA10705', 'http://marc.info/?l=bugtraq&m=143039468003789&w=2', 'http://my.opera.com/securitygroup/blog/2013/03/20/on-the-precariousness-of-rc4', 'http://security.gentoo.org/glsa/glsa-201406-19.xml', 'http://www.isg.rhul.ac.uk/tls/', 'http://www.mozilla.org/security/announce/2013/mfsa2013-103.html', 'http://www.opera.com/docs/changelogs/unified/1215/', 'http://www.opera.com/security/advisory/1046', 'http://www.oracle.com/technetwork/security-advisory/cpuapr2016v3-2985753.html', 'http://www.oracle.com/technetwork/security-advisory/cpujan2018-3236628.html', 'http://www.oracle.com/technetwork/security-advisory/cpujul2016-2881720.html', 'http://www.oracle.com/technetwork/security-advisory/cpuoct2016-2881722.html', 'http://www.oracle.com/technetwork/security-advisory/cpuoct2017-3236626.html', 'http://www.securityfocus.com/bid/58796', 'http://www.ubuntu.com/usn/USN-2031-1', 'http://www.ubuntu.com/usn/USN-2032-1', 'https://h20566.www2.hpe.com/portal/site/hpsc/public/kb/docDisplay?docId=emr_na-c05289935', 'https://h20566.www2.hpe.com/portal/site/hpsc/public/kb/docDisplay?docId=emr_na-c05336888', 'https://security.gentoo.org/glsa/201504-01'], 'Metasploit_module_name': 'SSL/TLS Version Detection', 'Metasploit_type': 'auxiliary'}",Nessus,45590,Common Platform Enumeration (CPE),,,"By using information obtained from a Nessus scan, this plugin reports CPE (Common Platform Enumeration) matches for various hardware and software products found on a host. 

Note that if an official CPE is not available for the product, this plugin computes the best possible CPE based on the information available from the scan. It was possible to enumerate CPE names that matched on the remote system.",Open,0,tcp,,,"http://cpe.mitre.org/
https://nvd.nist.gov/products/cpe",10.10.1.20
74c0da684ef7d99dfd5f18b6d733e99f,3.47,['CVE-2015-2808'],['CWE-327'],"{'EPSS_epss_value': 0.34742, 'EPSS_percentile': 0.9685, 'NVD_weaknesses': 'CWE-327', 'NVD_references': ['http://h20564.www2.hpe.com/hpsc/doc/public/display?docId=emr_na-c04779034', 'http://kb.juniper.net/InfoCenter/index?page=content&id=JSA10705', 'http://kb.juniper.net/InfoCenter/index?page=content&id=JSA10727', 'http://lists.opensuse.org/opensuse-security-announce/2015-06/msg00013.html', 'http://lists.opensuse.org/opensuse-security-announce/2015-06/msg00014.html', 'http://lists.opensuse.org/opensuse-security-announce/2015-06/msg00015.html', 'http://lists.opensuse.org/opensuse-security-announce/2015-06/msg00022.html', 'http://lists.opensuse.org/opensuse-security-announce/2015-06/msg00031.html', 'http://lists.opensuse.org/opensuse-security-announce/2015-07/msg00039.html', 'http://lists.opensuse.org/opensuse-security-announce/2015-07/msg00040.html', 'http://lists.opensuse.org/opensuse-security-announce/2015-07/msg00046.html', 'http://lists.opensuse.org/opensuse-security-announce/2015-07/msg00047.html', 'http://lists.opensuse.org/opensuse-security-announce/2015-12/msg00000.html', 'http://lists.opensuse.org/opensuse-security-announce/2015-12/msg00004.html', 'http://lists.opensuse.org/opensuse-security-announce/2016-01/msg00005.html', 'http://marc.info/?l=bugtraq&m=143456209711959&w=2', 'http://marc.info/?l=bugtraq&m=143629696317098&w=2', 'http://marc.info/?l=bugtraq&m=143741441012338&w=2', 'http://marc.info/?l=bugtraq&m=143817021313142&w=2', 'http://marc.info/?l=bugtraq&m=143817899717054&w=2', 'http://marc.info/?l=bugtraq&m=143818140118771&w=2', 'http://marc.info/?l=bugtraq&m=144043644216842&w=2', 'http://marc.info/?l=bugtraq&m=144059660127919&w=2', 'http://marc.info/?l=bugtraq&m=144059703728085&w=2', 'http://marc.info/?l=bugtraq&m=144060576831314&w=2', 'http://marc.info/?l=bugtraq&m=144060606031437&w=2', 'http://marc.info/?l=bugtraq&m=144069189622016&w=2', 'http://marc.info/?l=bugtraq&m=144102017024820&w=2', 'http://marc.info/?l=bugtraq&m=144104533800819&w=2', 'http://marc.info/?l=bugtraq&m=144104565600964&w=2', 'http://marc.info/?l=bugtraq&m=144493176821532&w=2', 'http://rhn.redhat.com/errata/RHSA-2015-1006.html', 'http://rhn.redhat.com/errata/RHSA-2015-1007.html', 'http://rhn.redhat.com/errata/RHSA-2015-1020.html', 'http://rhn.redhat.com/errata/RHSA-2015-1021.html', 'http://rhn.redhat.com/errata/RHSA-2015-1091.html', 'http://rhn.redhat.com/errata/RHSA-2015-1228.html', 'http://rhn.redhat.com/errata/RHSA-2015-1229.html', 'http://rhn.redhat.com/errata/RHSA-2015-1230.html', 'http://rhn.redhat.com/errata/RHSA-2015-1241.html', 'http://rhn.redhat.com/errata/RHSA-2015-1242.html', 'http://rhn.redhat.com/errata/RHSA-2015-1243.html', 'http://rhn.redhat.com/errata/RHSA-2015-1526.html', 'http://www-01.ibm.com/support/docview.wss?uid=swg1IV71888', 'http://www-01.ibm.com/support/docview.wss?uid=swg1IV71892', 'http://www-01.ibm.com/support/docview.wss?uid=swg21883640', 'http://www-304.ibm.com/support/docview.wss?uid=swg21903565', 'http://www-304.ibm.com/support/docview.wss?uid=swg21960015', 'http://www-304.ibm.com/support/docview.wss?uid=swg21960769', 'http://www.debian.org/security/2015/dsa-3316', 'http://www.debian.org/security/2015/dsa-3339', 'http://www.huawei.com/en/psirt/security-advisories/hw-454055', 'http://www.oracle.com/technetwork/security-advisory/cpuapr2016v3-2985753.html', 'http://www.oracle.com/technetwork/security-advisory/cpujan2018-3236628.html', 'http://www.oracle.com/technetwork/security-advisory/cpujul2016-2881720.html', 'http://www.oracle.com/technetwork/security-advisory/cpuoct2017-3236626.html', 'http://www.oracle.com/technetwork/topics/security/cpujul2015-2367936.html', 'http://www.securityfocus.com/bid/73684', 'http://www.securityfocus.com/bid/91787', 'http://www.securitytracker.com/id/1032599', 'http://www.securitytracker.com/id/1032600', 'http://www.securitytracker.com/id/1032707', 'http://www.securitytracker.com/id/1032708', 'http://www.securitytracker.com/id/1032734', 'http://www.securitytracker.com/id/1032788', 'http://www.securitytracker.com/id/1032858', 'http://www.securitytracker.com/id/1032868', 'http://www.securitytracker.com/id/1032910', 'http://www.securitytracker.com/id/1032990', 'http://www.securitytracker.com/id/1033071', 'http://www.securitytracker.com/id/1033072', 'http://www.securitytracker.com/id/1033386', 'http://www.securitytracker.com/id/1033415', 'http://www.securitytracker.com/id/1033431', 'http://www.securitytracker.com/id/1033432', 'http://www.securitytracker.com/id/1033737', 'http://www.securitytracker.com/id/1033769', 'http://www.securitytracker.com/id/1036222', 'http://www.ubuntu.com/usn/USN-2696-1', 'http://www.ubuntu.com/usn/USN-2706-1', 'http://www1.huawei.com/en/security/psirt/security-bulletins/security-advisories/hw-454055.htm', 'https://h20564.www2.hp.com/portal/site/hpsc/public/kb/docDisplay?docId=emr_na-c04687922', 'https://h20564.www2.hpe.com/portal/site/hpsc/public/kb/docDisplay?docId=emr_na-c04770140', 'https://h20564.www2.hpe.com/portal/site/hpsc/public/kb/docDisplay?docId=emr_na-c04772190', 'https://h20564.www2.hpe.com/portal/site/hpsc/public/kb/docDisplay?docId=emr_na-c04773119', 'https://h20564.www2.hpe.com/portal/site/hpsc/public/kb/docDisplay?docId=emr_na-c04773241', 'https://h20564.www2.hpe.com/portal/site/hpsc/public/kb/docDisplay?docId=emr_na-c04773256', 'https://h20564.www2.hpe.com/portal/site/hpsc/public/kb/docDisplay?docId=emr_na-c04832246', 'https://h20564.www2.hpe.com/portal/site/hpsc/public/kb/docDisplay?docId=emr_na-c04926789', 'https://h20566.www2.hpe.com/hpsc/doc/public/display?docId=emr_na-c04708650', 'https://h20566.www2.hpe.com/hpsc/doc/public/display?docId=emr_na-c04711380', 'https://h20566.www2.hpe.com/portal/site/hpsc/public/kb/docDisplay?docId=emr_na-c05085988', 'https://h20566.www2.hpe.com/portal/site/hpsc/public/kb/docDisplay?docId=emr_na-c05193347', 'https://h20566.www2.hpe.com/portal/site/hpsc/public/kb/docDisplay?docId=emr_na-c05289935', 'https://h20566.www2.hpe.com/portal/site/hpsc/public/kb/docDisplay?docId=emr_na-c05336888', 'https://kb.juniper.net/JSA10783', 'https://kc.mcafee.com/corporate/index?page=content&id=SB10163', 'https://security.gentoo.org/glsa/201512-10', 'https://www-947.ibm.com/support/entry/portal/docdisplay?lndocid=MIGR-5098709', 'https://www.blackhat.com/docs/asia-15/materials/asia-15-Mantin-Bar-Mitzvah-Attack-Breaking-SSL-With-13-Year-Old-RC4-Weakness-wp.pdf', 'https://www.secpod.com/blog/cve-2015-2808-bar-mitzvah-attack-in-rc4-2/']}",Nessus,50344,Missing or Permissive Content-Security-Policy frame-ancestors HTTP Response Header,,,"The remote web server in some responses sets a permissive Content-Security-Policy (CSP) frame-ancestors response header or does not set one at all.

The CSP frame-ancestors header has been proposed by the W3C Web Application Security Working Group as a way to mitigate cross-site scripting and clickjacking attacks. The remote web server does not take steps to mitigate a class of web application vulnerabilities.",Open,80,tcp,,Set a non-permissive Content-Security-Policy frame-ancestors header for all requested resources.,"http://www.nessus.org/u?55aa8f57
http://www.nessus.org/u?07cc2a06
https://content-security-policy.com/
https://www.w3.org/TR/CSP2/",10.10.1.20
6d9ae9433ad9c4e1d729c0182940ab52,64.35,['CVE-2019-15107'],['CWE-78'],"{'CISA_required_action': 'Apply updates per vendor instructions.', 'CISA_known_ransomware_campaign_use': 'Unknown', 'CISA_product': 'Webmin', 'CISA_vendor_project': 'Webmin', 'CISA_cwe': 'CWE-78', 'EPSS_epss_value': 0.94461, 'EPSS_percentile': 0.99993, 'ExploitDB_exploit_id': 'https://www.exploit-db.com/exploits/47230', 'ExploitDB_type': 'remote', 'ExploitDB_platform': 'linux', 'NVD_weaknesses': 'CWE-78', 'NVD_references': ['http://packetstormsecurity.com/files/154141/Webmin-1.920-Remote-Command-Execution.html', 'http://packetstormsecurity.com/files/154141/Webmin-Remote-Comman-Execution.html', 'http://packetstormsecurity.com/files/154197/Webmin-1.920-password_change.cgi-Backdoor.html', 'http://packetstormsecurity.com/files/154485/Webmin-1.920-Remote-Code-Execution.html', 'http://www.pentest.com.tr/exploits/DEFCON-Webmin-1920-Unauthenticated-Remote-Command-Execution.html', 'http://www.webmin.com/security.html', 'https://attackerkb.com/topics/hxx3zmiCkR/webmin-password-change-cgi-command-injection', 'https://www.cisa.gov/known-exploited-vulnerabilities-catalog?field_cve=CVE-2019-15107', 'https://www.exploit-db.com/exploits/47230'], 'Metasploit_module_name': 'Webmin password_change.cgi Backdoor', 'Metasploit_type': 'exploit', 'Metasploit_platform': 'Linux,Unix'}",Nessus,50345,Missing or Permissive X-Frame-Options HTTP Response Header,,,"The remote web server in some responses sets a permissive X-Frame-Options response header or does not set one at all.

The X-Frame-Options header has been proposed by Microsoft as a way to mitigate clickjacking attacks and is currently supported by all major browser vendors The remote web server does not take steps to mitigate a class of web application vulnerabilities.",Open,80,tcp,,Set a properly configured X-Frame-Options header for all requested resources.,"https://en.wikipedia.org/wiki/Clickjacking
http://www.nessus.org/u?399b1f56",10.10.1.20
